"2020-02-24T20:10:29.110278500","3"
"2020-02-24T20:15:28.750793100","3"
"2020-02-24T20:56:09.088002200","9"
"2020-02-24T21:02:13.347392500","1"
"2020-02-24T21:06:40.860330300","10"
"2020-02-24T21:35:52.413820800","13"
"2020-02-24T21:38:37.771960700","7"
"2020-02-24T21:40:31.854307700","9"
"2021-03-05T14:06:50.146766","11"
"2021-03-05T17:14:06.643119300","9"
"2021-03-05T17:15:06.196527400","10"
"2021-03-05T17:16:29.706156500","16"
"2021-03-05T17:17:11.767452200","9"
"2021-03-05T17:20:47.242604400","8"
